{
  "request_count": 13,
  "round_count": 419,
  "total_generated_tokens": 2430,
  "total_virtual_time_s": 74.63068549861823,
  "throughput_tokens_per_s": 32.56033337714673,
  "mean_acceptance_rate": 0.5944123756838275,
  "mean_barrier_wait_s": 0.007954376925468921,
  "mean_uplink_effective_mbps": 57.87004553369266,
  "mean_downlink_effective_mbps": 116.53003723693442,
  "mean_uplink_effective_rtt_ms": 26.35712359212704,
  "mean_downlink_effective_rtt_ms": 26.687579444180823,
  "network_congestion_events": 91,
  "network_congestion_fraction": 0.06148648648648649,
  "barrier_wait_fraction": 0.09837101445675026,
  "mean_target_only_latency_s": 7.315682013126614,
  "mean_speedup_vs_target_only": 0.651248445577486,
  "mean_latency_by_device": {
    "device-0": 14.695647354926013,
    "device-1": 10.756307863251303,
    "device-2": 5.420320838252149
  },
  "slowest_device_rounds": {
    "device-0": 162,
    "device-2": 71,
    "device-1": 186
  },
  "task_metrics": {
    "coding": {
      "request_count": 1,
      "microbatch_count": 1,
      "generated_token_count": 256,
      "effective_received_token_count": 256,
      "effective_duration_s": 8.747725341879189,
      "effective_throughput_tokens_per_s": 29.26475054885594,
      "effective_received_throughput_tokens_per_s": 29.26475054885594,
      "e2e_first_token_latency_s": 0.18438931867446406,
      "e2e_mean_latency_s": 8.747725341879189
    },
    "extraction": {
      "request_count": 1,
      "microbatch_count": 1,
      "generated_token_count": 14,
      "effective_received_token_count": 14,
      "effective_duration_s": 0.710243007405877,
      "effective_throughput_tokens_per_s": 19.71156330160042,
      "effective_received_throughput_tokens_per_s": 19.71156330160042,
      "e2e_first_token_latency_s": 0.17604540816903302,
      "e2e_mean_latency_s": 0.710243007405877
    },
    "humanities": {
      "request_count": 1,
      "microbatch_count": 1,
      "generated_token_count": 256,
      "effective_received_token_count": 256,
      "effective_duration_s": 9.94151931952917,
      "effective_throughput_tokens_per_s": 25.75059120964663,
      "effective_received_throughput_tokens_per_s": 25.75059120964663,
      "e2e_first_token_latency_s": 0.1327718273547447,
      "e2e_mean_latency_s": 9.94151931952917
    },
    "math": {
      "request_count": 1,
      "microbatch_count": 1,
      "generated_token_count": 256,
      "effective_received_token_count": 256,
      "effective_duration_s": 7.603459219142401,
      "effective_throughput_tokens_per_s": 33.668885782341896,
      "effective_received_throughput_tokens_per_s": 33.668885782341896,
      "e2e_first_token_latency_s": 0.17450639711800697,
      "e2e_mean_latency_s": 7.603459219142401
    },
    "math_reasoning": {
      "request_count": 1,
      "microbatch_count": 1,
      "generated_token_count": 244,
      "effective_received_token_count": 244,
      "effective_duration_s": 18.09230378475703,
      "effective_throughput_tokens_per_s": 13.48639747059591,
      "effective_received_throughput_tokens_per_s": 13.48639747059591,
      "e2e_first_token_latency_s": 0.33165382118494335,
      "e2e_mean_latency_s": 18.09230378475703
    },
    "qa": {
      "request_count": 1,
      "microbatch_count": 1,
      "generated_token_count": 74,
      "effective_received_token_count": 74,
      "effective_duration_s": 10.495148462479037,
      "effective_throughput_tokens_per_s": 7.050876913705003,
      "effective_received_throughput_tokens_per_s": 7.050876913705003,
      "e2e_first_token_latency_s": 0.33213164153868036,
      "e2e_mean_latency_s": 10.495148462479037
    },
    "rag": {
      "request_count": 1,
      "microbatch_count": 1,
      "generated_token_count": 256,
      "effective_received_token_count": 256,
      "effective_duration_s": 14.831196941728159,
      "effective_throughput_tokens_per_s": 17.260912993457318,
      "effective_received_throughput_tokens_per_s": 17.260912993457318,
      "e2e_first_token_latency_s": 0.16264913326053687,
      "e2e_mean_latency_s": 14.831196941728159
    },
    "reasoning": {
      "request_count": 1,
      "microbatch_count": 1,
      "generated_token_count": 33,
      "effective_received_token_count": 33,
      "effective_duration_s": 2.055721369076289,
      "effective_throughput_tokens_per_s": 16.052759141589362,
      "effective_received_throughput_tokens_per_s": 16.052759141589362,
      "e2e_first_token_latency_s": 0.7705845900093969,
      "e2e_mean_latency_s": 2.055721369076289
    },
    "roleplay": {
      "request_count": 1,
      "microbatch_count": 1,
      "generated_token_count": 256,
      "effective_received_token_count": 256,
      "effective_duration_s": 13.840838329117815,
      "effective_throughput_tokens_per_s": 18.49598947062601,
      "effective_received_throughput_tokens_per_s": 18.49598947062601,
      "e2e_first_token_latency_s": 0.7605364835518699,
      "e2e_mean_latency_s": 13.840838329117815
    },
    "stem": {
      "request_count": 1,
      "microbatch_count": 1,
      "generated_token_count": 256,
      "effective_received_token_count": 256,
      "effective_duration_s": 10.860425304157346,
      "effective_throughput_tokens_per_s": 23.57182088458394,
      "effective_received_throughput_tokens_per_s": 23.57182088458394,
      "e2e_first_token_latency_s": 0.1401631236693781,
      "e2e_mean_latency_s": 10.860425304157346
    },
    "summarization": {
      "request_count": 1,
      "microbatch_count": 1,
      "generated_token_count": 256,
      "effective_received_token_count": 256,
      "effective_duration_s": 26.350499581735725,
      "effective_throughput_tokens_per_s": 9.715185824311309,
      "effective_received_throughput_tokens_per_s": 9.715185824311309,
      "e2e_first_token_latency_s": 0.3329811400133238,
      "e2e_mean_latency_s": 26.350499581735725
    },
    "translation": {
      "request_count": 1,
      "microbatch_count": 1,
      "generated_token_count": 17,
      "effective_received_token_count": 17,
      "effective_duration_s": 0.8230151917694002,
      "effective_throughput_tokens_per_s": 20.655754802595688,
      "effective_received_throughput_tokens_per_s": 20.655754802595688,
      "e2e_first_token_latency_s": 0.13854270041330707,
      "e2e_mean_latency_s": 0.8230151917694002
    },
    "writing": {
      "request_count": 1,
      "microbatch_count": 1,
      "generated_token_count": 256,
      "effective_received_token_count": 256,
      "effective_duration_s": 13.832655727866433,
      "effective_throughput_tokens_per_s": 18.50693063113527,
      "effective_received_throughput_tokens_per_s": 18.50693063113527,
      "e2e_first_token_latency_s": 0.7538369632358444,
      "e2e_mean_latency_s": 13.832655727866433
    }
  },
  "mode": "sync",
  "profiles": {
    "device-0": {
      "device_id": "device-0",
      "uplink_mbps": 60.0,
      "downlink_mbps": 120.0,
      "rtt_ms": 25.0,
      "jitter_ms": 3.0,
      "bandwidth_jitter_ratio": 0.3,
      "rtt_jitter_ms": 8.0,
      "congestion_probability": 0.06,
      "congestion_slowdown": 2.0
    },
    "device-1": {
      "device_id": "device-1",
      "uplink_mbps": 60.0,
      "downlink_mbps": 120.0,
      "rtt_ms": 25.0,
      "jitter_ms": 3.0,
      "bandwidth_jitter_ratio": 0.3,
      "rtt_jitter_ms": 8.0,
      "congestion_probability": 0.06,
      "congestion_slowdown": 2.0
    },
    "device-2": {
      "device_id": "device-2",
      "uplink_mbps": 60.0,
      "downlink_mbps": 120.0,
      "rtt_ms": 25.0,
      "jitter_ms": 3.0,
      "bandwidth_jitter_ratio": 0.3,
      "rtt_jitter_ms": 8.0,
      "congestion_probability": 0.06,
      "congestion_slowdown": 2.0
    }
  },
  "dataset_selection": {
    "dataset_path": "data/spec_bench/question.jsonl",
    "dataset_mode": "one-per-category",
    "one_per_category": true,
    "one_per_category_per_device": false,
    "all": false,
    "selected_request_count": 13,
    "request_count": 13,
    "dropped_request_count": 0,