{
  "request_count": 13,
  "round_count": 717,
  "total_generated_tokens": 2323,
  "total_virtual_time_s": 53.58667472978049,
  "throughput_tokens_per_s": 43.350329381587954,
  "mean_acceptance_rate": 0.5986184945674549,
  "mean_barrier_wait_s": 0.0,
  "mean_uplink_effective_mbps": 58.53140339075706,
  "mean_downlink_effective_mbps": 115.43271195124093,
  "mean_uplink_effective_rtt_ms": 26.36229099221157,
  "mean_downlink_effective_rtt_ms": 26.78538443837219,
  "network_congestion_events": 82,
  "network_congestion_fraction": 0.05718270571827057,
  "barrier_wait_fraction": 0.0,
  "mean_target_only_latency_s": 7.740997451492522,
  "mean_speedup_vs_target_only": 0.9230268986272924,
  "mean_latency_by_device": {
    "device-2": 2.446812816438902,
    "device-0": 10.717334945956098,
    "device-1": 7.644889364136096
  },
  "slowest_device_rounds": {},
  "task_metrics": {
    "coding": {
      "request_count": 1,
      "microbatch_count": 1,
      "generated_token_count": 256,
      "effective_received_token_count": 256,
      "effective_duration_s": 6.8162322451645085,
      "effective_throughput_tokens_per_s": 37.55740573270644,
      "effective_received_throughput_tokens_per_s": 37.55740573270644,
      "e2e_first_token_latency_s": 0.11318008430974835,
      "e2e_mean_latency_s": 6.8162322451645085
    },
    "extraction": {
      "request_count": 1,
      "microbatch_count": 1,
      "generated_token_count": 14,
      "effective_received_token_count": 14,
      "effective_duration_s": 0.5459632004482262,
      "effective_throughput_tokens_per_s": 25.642753922803305,
      "effective_received_throughput_tokens_per_s": 25.642753922803305,
      "e2e_first_token_latency_s": 0.13779180313417672,
      "e2e_mean_latency_s": 0.5459632004482262
    },
    "humanities": {
      "request_count": 1,
      "microbatch_count": 1,
      "generated_token_count": 256,
      "effective_received_token_count": 256,
      "effective_duration_s": 8.556077658385732,
      "effective_throughput_tokens_per_s": 29.920252038514025,
      "effective_received_throughput_tokens_per_s": 29.920252038514025,
      "e2e_first_token_latency_s": 0.11387483070911841,
      "e2e_mean_latency_s": 8.556077658385732
    },
    "math": {
      "request_count": 1,
      "microbatch_count": 1,
      "generated_token_count": 256,
      "effective_received_token_count": 256,
      "effective_duration_s": 5.986690830858636,
      "effective_throughput_tokens_per_s": 42.761520050515685,
      "effective_received_throughput_tokens_per_s": 42.761520050515685,
      "e2e_first_token_latency_s": 0.10685828907525696,
      "e2e_mean_latency_s": 5.986690830858636
    },
    "math_reasoning": {
      "request_count": 1,
      "microbatch_count": 1,
      "generated_token_count": 235,
      "effective_received_token_count": 235,
      "effective_duration_s": 7.146969316760378,
      "effective_throughput_tokens_per_s": 32.881070224955465,
      "effective_received_throughput_tokens_per_s": 32.881070224955465,
      "e2e_first_token_latency_s": 0.12874392195201034,
      "e2e_mean_latency_s": 7.146969316760378
    },
    "qa": {
      "request_count": 1,
      "microbatch_count": 1,
      "generated_token_count": 71,
      "effective_received_token_count": 71,
      "effective_duration_s": 3.020082670195606,
      "effective_throughput_tokens_per_s": 23.509290225953134,
      "effective_received_throughput_tokens_per_s": 23.509290225953134,
      "e2e_first_token_latency_s": 0.1057500277842216,
      "e2e_mean_latency_s": 3.020082670195606
    },
    "rag": {
      "request_count": 1,
      "microbatch_count": 1,
      "generated_token_count": 256,
      "effective_received_token_count": 256,
      "effective_duration_s": 14.262770566023818,
      "effective_throughput_tokens_per_s": 17.948826899721194,
      "effective_received_throughput_tokens_per_s": 17.948826899721194,
      "e2e_first_token_latency_s": 0.1638706348696175,
      "e2e_mean_latency_s": 14.262770566023818
    },
    "reasoning": {
      "request_count": 1,
      "microbatch_count": 1,
      "generated_token_count": 33,
      "effective_received_token_count": 33,
      "effective_duration_s": 1.4956197064477796,
      "effective_throughput_tokens_per_s": 22.06443246082771,
      "effective_received_throughput_tokens_per_s": 22.06443246082771,
      "e2e_first_token_latency_s": 0.15478839210568868,
      "e2e_mean_latency_s": 1.4956197064477796
    },
    "roleplay": {
      "request_count": 1,
      "microbatch_count": 1,
      "generated_token_count": 256,
      "effective_received_token_count": 256,
      "effective_duration_s": 12.18716488279854,
      "effective_throughput_tokens_per_s": 21.005705794735643,
      "effective_received_throughput_tokens_per_s": 21.005705794735643,
      "e2e_first_token_latency_s": 0.22012238557945932,
      "e2e_mean_latency_s": 12.18716488279854
    },
    "stem": {
      "request_count": 1,
      "microbatch_count": 1,
      "generated_token_count": 256,
      "effective_received_token_count": 256,
      "effective_duration_s": 8.790111729054445,
      "effective_throughput_tokens_per_s": 29.1236343622151,
      "effective_received_throughput_tokens_per_s": 29.1236343622151,
      "e2e_first_token_latency_s": 0.09585011170313251,
      "e2e_mean_latency_s": 8.790111729054445
    },
    "summarization": {
      "request_count": 1,
      "microbatch_count": 1,
      "generated_token_count": 162,
      "effective_received_token_count": 162,
      "effective_duration_s": 13.017284819317478,
      "effective_throughput_tokens_per_s": 12.44499158223796,
      "effective_received_throughput_tokens_per_s": 12.44499158223796,
      "e2e_first_token_latency_s": 0.15728060818600653,
      "e2e_mean_latency_s": 13.017284819317478
    },
    "translation": {
      "request_count": 1,
      "microbatch_count": 1,
      "generated_token_count": 16,
      "effective_received_token_count": 16,
      "effective_duration_s": 0.5986990420992231,
      "effective_throughput_tokens_per_s": 26.724612659975328,
      "effective_received_throughput_tokens_per_s": 26.724612659975328,
      "e2e_first_token_latency_s": 0.12944735309310884,
      "e2e_mean_latency_s": 0.5986990420992231
    },
    "writing": {
      "request_count": 1,
      "microbatch_count": 1,
      "generated_token_count": 256,
      "effective_received_token_count": 256,
      "effective_duration_s": 11.529816784526114,
      "effective_throughput_tokens_per_s": 22.203301646871907,
      "effective_received_throughput_tokens_per_s": 22.203301646871907,
      "e2e_first_token_latency_s": 0.5590901115140775,
      "e2e_mean_latency_s": 11.529816784526114
    }
  },
  "mode": "async",
  "pipeline_count": 3,
  "verification_event_count": 717,
  "pipeline_verification_count": 717,
  "mean_pipeline_queue_wait_s": 0.0,
  "pipeline_queue_wait_fraction": 0.0,
  "pipeline_busy_s": {
    "0": 10.483564185677096,
    "1": 10.328558387933299,
    "2": 10.48499914817512
  },
  "pipeline_verifications": {
    "0": 241,
    "1": 238,
    "2": 238
  },
  "pipeline_utilization": {
    "0": 0.19563752068106802,
    "1": 0.1927449023477708,
    "2": 0.19566429902671573
  },
  "mean_pipeline_utilization": 0.19468224068518486,
  "profiles": {
    "device-0": {
      "device_id": "device-0",
      "uplink_mbps": 60.0,
      "downlink_mbps": 120.0,
      "rtt_ms": 25.0,
      "jitter_ms": 3.0,
      "bandwidth_jitter_ratio": 0.3,
      "rtt_jitter_ms": 8.0,
      "congestion_probability": 0.06,
      "congestion_slowdown": 2.0
    },
    "device-1": {
      "device_id": "device-1",
      "uplink_mbps": 60.0,
      "downlink_mbps": 120.0,
      "rtt_ms": 25.0,
      "jitter_ms": 3.0,
      "bandwidth_jitter_ratio": 0.3,
      "rtt_jitter_ms": 8.0,
      "congestion_probability": 0.06,
      "congestion_slowdown": 2.0
    },
    "device-2": {
      "device_id": "device-2",
      "uplink_mbps": 60.0,
      "downlink_mbps": 120.0,
      "rtt_ms": 25.0,
      "jitter_ms": 3.0,