{
  "request_count": 80,
  "round_count": 9364,
  "total_generated_tokens": 11330,
  "total_virtual_time_s": 148.27865946462046,
  "throughput_tokens_per_s": 76.41018634042452,
  "mean_acceptance_rate": 0.557848114888092,
  "overall_acceptance_rate": 0.5628232005590497,
  "mean_barrier_wait_s": 0.0,
  "mean_uplink_effective_mbps": 58.29339250474234,
  "mean_downlink_effective_mbps": 115.7710665044262,
  "mean_uplink_effective_rtt_ms": 26.526749868133344,
  "mean_downlink_effective_rtt_ms": 26.581651155940918,
  "network_congestion_events": 969,
  "network_congestion_fraction": 0.0629016553067186,
  "barrier_wait_fraction": 0.0,
  "mean_target_only_latency_s": null,
  "mean_speedup_vs_target_only": null,
  "mean_latency_by_device": {
    "device-1": 5.491802202393351,
    "device-2": 5.538962910667622,
    "device-0": 5.159039008044461
  },
  "slowest_device_rounds": {},
  "task_metrics": {
    "QA": {
      "request_count": 80,
      "microbatch_count": 27,
      "generated_token_count": 11330,
      "effective_received_token_count": 11330,
      "effective_duration_s": 148.27865946462046,
      "microbatch_duration_sum_s": 500.26350147426126,
      "effective_throughput_tokens_per_s": 76.41018634042452,
      "effective_received_throughput_tokens_per_s": 76.41018634042452,
      "e2e_first_token_latency_s": 0.15086839674084018,
      "e2e_mean_latency_s": 5.394821854489739
    }
  },
  "lane_count": 3,
  "verification_event_count": 6041,
  "lane_verification_count": 6094,
  "mean_lane_queue_wait_s": 6.937864035836944e-05,
  "lane_queue_wait_fraction": 0.0026730552986570927,
  "mean_lane_batch_size": 1.0,
  "lane_busy_s": {
    "0": 53.2507912106812,
    "1": 53.11411700444296,
    "2": 51.479938227217644
  },
  "lane_verifications": {
    "0": 2097,
    "1": 1982,
    "2": 2015
  },
  "lane_utilization": {
    "0": 0.3591264677125499,
    "1": 0.3582047288275902,
    "2": 0.3471837310445934
  },
  "mean_lane_utilization": 0.35483830919491116,
  "method": "proposed",
  "profiles": {
    "device-0": {
      "device_id": "device-0",
      "uplink_mbps": 60.0,
      "downlink_mbps": 120.0,
      "rtt_ms": 25.0,
      "jitter_ms": 3.0,
      "bandwidth_jitter_ratio": 0.3,
      "rtt_jitter_ms": 8.0,
      "congestion_probability": 0.06,
      "congestion_slowdown": 2.0
    },
    "device-1": {
      "device_id": "device-1",
      "uplink_mbps": 60.0,
      "downlink_mbps": 120.0,
      "rtt_ms": 25.0,
      "jitter_ms": 3.0,
      "bandwidth_jitter_ratio": 0.3,
      "rtt_jitter_ms": 8.0,
      "congestion_probability": 0.06,
      "congestion_slowdown": 2.0
    },
    "device-2": {
      "device_id": "device-2",
      "uplink_mbps": 60.0,
      "downlink_mbps": 120.0,
      "rtt_ms": 25.0,
      "jitter_ms": 3.0,
      "bandwidth_jitter_ratio": 0.3,
      "rtt_jitter_ms": 8.0,
      "congestion_probability": 0.06,
      "congestion_slowdown": 2.0
    }
  },
  "dataset_selection": {
    "dataset_path": "data/spec_bench/question.jsonl",
    "category": "QA",
    "dataset_mode": "all",
    "one_per_category": false,
    "one_per_category_per_device": false,
    "all": true,
    "selected_request_count": 80,
    "request_count": 80,
    "dropped_request_count": 0,
    "microbatch_count": 27,
    "categories": [
      "QA"
    ]
  },
  "run_config": {
    "method": "proposed",
    "gamma": 8,
    "initial_lookahead": 4,
    "max_new_tokens": 256,
    "temperature": 0.7,
    "top_p": 0.8,
    "top_k": 20,
    "seed": 42,
    "network_seed": 42,
    "network_trace_slot_s": 0.05,
    "lane_count": 3,
    "max_inflight_segments": 2,
    "lookahead_policy": "adaptive",
    "scheduler": "prefix-aware",
    "lane_batch_size": 1,
    "lane_batch_timeout_s": 0.0
  }
}
